img_name,img_path,category
786e4955a01df02149d7ee90b311a9d3-xlarge,img/2014banquet/786e4955a01df02149d7ee90b311a9d3-xlarge.jpg,2014 Awards Banquet
bfa35993ca2474c998d3f763dd4bd488-xlarge,img/2014banquet/bfa35993ca2474c998d3f763dd4bd488-xlarge.jpg,2014 Awards Banquet
e37ada3a59df385fa265135ae18f7242-xlarge,img/2014banquet/e37ada3a59df385fa265135ae18f7242-xlarge.jpg,2014 Awards Banquet
f8b94fcb19f765d2914e27cc0c5a929a-xlarge,img/2014banquet/f8b94fcb19f765d2914e27cc0c5a929a-xlarge.jpg,2014 Awards Banquet
7eda39c6097b7bf4d1e27ba0a4e7b9c5-xlarge,img/2014banquet/7eda39c6097b7bf4d1e27ba0a4e7b9c5-xlarge.jpg,2014 Awards Banquet
631ff38a9dbcd98ef611d78a464ee309-xlarge,img/2014banquet/631ff38a9dbcd98ef611d78a464ee309-xlarge.jpg,2014 Awards Banquet
04fdc08ee460bba5e0555c33a1f36ab1-xlarge,img/2014banquet/04fdc08ee460bba5e0555c33a1f36ab1-xlarge.jpg,2014 Awards Banquet
2b94e95d070a846ab33716e1dd962a33-xlarge,img/2014banquet/2b94e95d070a846ab33716e1dd962a33-xlarge.jpg,2014 Awards Banquet
43379eaa3b2d3bebbc30d077f66e5789-xlarge,img/2014banquet/43379eaa3b2d3bebbc30d077f66e5789-xlarge.jpg,2014 Awards Banquet
efd7e4a07a85fdd2549bf8ce55514392-xlarge,img/2014banquet/efd7e4a07a85fdd2549bf8ce55514392-xlarge.jpg,2014 Awards Banquet
612bc10901a028c85961a091fc477da6-xlarge,img/2014banquet/612bc10901a028c85961a091fc477da6-xlarge.jpg,2014 Awards Banquet
c86b454bf90c96c4277e4a31ed8d7a48-xlarge,img/2014banquet/c86b454bf90c96c4277e4a31ed8d7a48-xlarge.jpg,2014 Awards Banquet
9cc7062966b44a760aa20130b318f40d-xlarge,img/2014banquet/9cc7062966b44a760aa20130b318f40d-xlarge.jpg,2014 Awards Banquet
a4854964ca5a22b7ebb5b86ff3e675ee-xlarge,img/2014banquet/a4854964ca5a22b7ebb5b86ff3e675ee-xlarge.jpg,2014 Awards Banquet
2523b542ddf2d7245aef5816a6e5e83f-xlarge,img/2014banquet/2523b542ddf2d7245aef5816a6e5e83f-xlarge.jpg,2014 Awards Banquet
46820a797524851f0aaf32ef158801be-xlarge,img/2014banquet/46820a797524851f0aaf32ef158801be-xlarge.jpg,2014 Awards Banquet
07f5edad6b08ffafff4ca04169ac56c1-xlarge,img/2014banquet/07f5edad6b08ffafff4ca04169ac56c1-xlarge.jpg,2014 Awards Banquet
fdaf3f25b27c7a687dcacf68132e0a6a-xlarge,img/2014banquet/fdaf3f25b27c7a687dcacf68132e0a6a-xlarge.jpg,2014 Awards Banquet
f5c52c2b15bf5e9369d49f044ce0f7be-xlarge,img/2014banquet/f5c52c2b15bf5e9369d49f044ce0f7be-xlarge.jpg,2014 Awards Banquet
7239f81d3236b0bdbc54c1fb8484d660-xlarge,img/2014banquet/7239f81d3236b0bdbc54c1fb8484d660-xlarge.jpg,2014 Awards Banquet
a1c17a546f2d0024e21f55fafdf1677d-xlarge,img/2014banquet/a1c17a546f2d0024e21f55fafdf1677d-xlarge.jpg,2014 Awards Banquet
3388f19308a58f57b2890f1ec086846f-xlarge,img/2014banquet/3388f19308a58f57b2890f1ec086846f-xlarge.jpg,2014 Awards Banquet
5dfef4f95f2a14f4ae5b361927475e1d-xlarge,img/2014banquet/5dfef4f95f2a14f4ae5b361927475e1d-xlarge.jpg,2014 Awards Banquet
6d8c101f9e3ff533daa831f488ff9879-xlarge,img/2014banquet/6d8c101f9e3ff533daa831f488ff9879-xlarge.jpg,2014 Awards Banquet
66c5cd037c6d8ddb7ace28de7d9dd66d-xlarge,img/2014banquet/66c5cd037c6d8ddb7ace28de7d9dd66d-xlarge.jpg,2014 Awards Banquet
fd5090070c1bcad4413436b17c944435-xlarge,img/2014banquet/fd5090070c1bcad4413436b17c944435-xlarge.jpg,2014 Awards Banquet
b4109f79edf78c0a38d959d390639662-xlarge,img/2014banquet/b4109f79edf78c0a38d959d390639662-xlarge.jpg,2014 Awards Banquet
e67490162bc4c30d0a2131007bc1af1f-xlarge,img/2014banquet/e67490162bc4c30d0a2131007bc1af1f-xlarge.jpg,2014 Awards Banquet
640129413ac04de101f0b4811a41722a-xlarge,img/2014banquet/640129413ac04de101f0b4811a41722a-xlarge.jpg,2014 Awards Banquet
eeebfac5831f7a02d9c9241d995c5f55-xlarge,img/2014banquet/eeebfac5831f7a02d9c9241d995c5f55-xlarge.jpg,2014 Awards Banquet
ab5ec56eb3904974f08639e640419e79-xlarge,img/2014banquet/ab5ec56eb3904974f08639e640419e79-xlarge.jpg,2014 Awards Banquet
63822caedd451dabceccc43268f9b208-xlarge,img/2014banquet/63822caedd451dabceccc43268f9b208-xlarge.jpg,2014 Awards Banquet
3c4e0feeb208080a62c44ffc6a9f8eca-xlarge,img/2014banquet/3c4e0feeb208080a62c44ffc6a9f8eca-xlarge.jpg,2014 Awards Banquet
3c4e0feeb208080a62c44ffc6a9f8eca-xlarge,img/2014banquet/3c4e0feeb208080a62c44ffc6a9f8eca-xlarge.jpg,2014 Awards Banquet
3c4e0feeb208080a62c44ffc6a9f8eca-xlarge,img/2014banquet/3c4e0feeb208080a62c44ffc6a9f8eca-xlarge.jpg,2014 Awards Banquet
211d5923fb6d4d982afba20db79a77aa-xlarge,img/2014banquet/211d5923fb6d4d982afba20db79a77aa-xlarge.jpg,2014 Awards Banquet
a4769a2898bd0038039476f8ce956320-xlarge,img/2014banquet/a4769a2898bd0038039476f8ce956320-xlarge.jpg,2014 Awards Banquet
2b058f5129154606eb78b41bf871fa82-xlarge,img/2014banquet/2b058f5129154606eb78b41bf871fa82-xlarge.jpg,2014 Awards Banquet
06f910d7d700fe2e8fc675ce9a3fb707-xlarge,img/2014banquet/06f910d7d700fe2e8fc675ce9a3fb707-xlarge.jpg,2014 Awards Banquet
0f8d1452a319251b3eabb5c6c11d3e52-xlarge,img/2014banquet/0f8d1452a319251b3eabb5c6c11d3e52-xlarge.jpg,2014 Awards Banquet
14f2a9728b3e24625e433c8d3035f9b3-xlarge,img/2014banquet/14f2a9728b3e24625e433c8d3035f9b3-xlarge.jpg,2014 Awards Banquet
c02e11172f747fa55c48e14c34806fb0-xlarge,img/2014banquet/c02e11172f747fa55c48e14c34806fb0-xlarge.jpg,2014 Awards Banquet
7159f1d0c1432f465ff64170d2c2d5c2-xlarge,img/2014banquet/7159f1d0c1432f465ff64170d2c2d5c2-xlarge.jpg,2014 Awards Banquet
d0259baa0005f2196f01e6ff5d827ed0-xlarge,img/2014banquet/d0259baa0005f2196f01e6ff5d827ed0-xlarge.jpg,2014 Awards Banquet
b571ba4c0ef098352f1a1347266a3eaa-xlarge,img/2014banquet/b571ba4c0ef098352f1a1347266a3eaa-xlarge.jpg,2014 Awards Banquet
ac0b660162fa4955aada652c781e4b97-xlarge,img/2014banquet/ac0b660162fa4955aada652c781e4b97-xlarge.jpg,2014 Awards Banquet
6c8117d314a764223a442f4773254a0b-xlarge,img/2014banquet/6c8117d314a764223a442f4773254a0b-xlarge.jpg,2014 Awards Banquet
b784cdfbbfc2e462a425450cb0793a14-xlarge,img/2014banquet/b784cdfbbfc2e462a425450cb0793a14-xlarge.jpg,2014 Awards Banquet
55c26f6b92ea8d24c655e3e888e15dc5-xlarge,img/2014banquet/55c26f6b92ea8d24c655e3e888e15dc5-xlarge.jpg,2014 Awards Banquet
e40d0d0d9a4367b26e781457bc1274e3-xlarge,img/2014banquet/e40d0d0d9a4367b26e781457bc1274e3-xlarge.jpg,2014 Awards Banquet
5df7e03f321cbfe47d50a150e1548027-xlarge,img/2014banquet/5df7e03f321cbfe47d50a150e1548027-xlarge.jpg,2014 Awards Banquet
e5da431bcc04362cc2667f7c46652918-xlarge,img/2014banquet/e5da431bcc04362cc2667f7c46652918-xlarge.jpg,2014 Awards Banquet
7cfbacc5e3124f79f41faf8f4004b90b-xlarge,img/2014banquet/7cfbacc5e3124f79f41faf8f4004b90b-xlarge.jpg,2014 Awards Banquet
f46d879c54acd71264436c6e8ab212eb-xlarge,img/2014banquet/f46d879c54acd71264436c6e8ab212eb-xlarge.jpg,2014 Awards Banquet
d3a5899ade9b33c0fec9a0cdff46f512-xlarge,img/2014banquet/d3a5899ade9b33c0fec9a0cdff46f512-xlarge.jpg,2014 Awards Banquet
171ddbb8e86e7723479f18f2b47cccdd-xlarge,img/2014banquet/171ddbb8e86e7723479f18f2b47cccdd-xlarge.jpg,2014 Awards Banquet
f34746a98cded341a8fad1162d4e5dc4-xlarge,img/2014banquet/f34746a98cded341a8fad1162d4e5dc4-xlarge.jpg,2014 Awards Banquet
e88fd2bd7c0e40ce58c0179ebbbf2442-xlarge,img/2014banquet/e88fd2bd7c0e40ce58c0179ebbbf2442-xlarge.jpg,2014 Awards Banquet
2d9b69496e0832e3687e75b8bfbc4385-xlarge,img/2014banquet/2d9b69496e0832e3687e75b8bfbc4385-xlarge.jpg,2014 Awards Banquet
8ac138d14c78e95495977ad67169c6e0-xlarge,img/2014banquet/8ac138d14c78e95495977ad67169c6e0-xlarge.jpg,2014 Awards Banquet
7a8d182c43f471ff487632dc0f7d8e42-xlarge,img/2014banquet/7a8d182c43f471ff487632dc0f7d8e42-xlarge.jpg,2014 Awards Banquet
3672ab5041a912225d8cea978ca8ed7f-xlarge,img/2014banquet/3672ab5041a912225d8cea978ca8ed7f-xlarge.jpg,2014 Awards Banquet
a18dc2734c151d31569dbde50207d7c1-xlarge,img/2014banquet/a18dc2734c151d31569dbde50207d7c1-xlarge.jpg,2014 Awards Banquet
3d3b187f795e4b58a1ef6e1f9e086b0f-xlarge,img/2014banquet/3d3b187f795e4b58a1ef6e1f9e086b0f-xlarge.jpg,2014 Awards Banquet
ce1cfc80a839757a713199517491a7f1-xlarge,img/2014banquet/ce1cfc80a839757a713199517491a7f1-xlarge.jpg,2014 Awards Banquet
dac0e28b473d99c99ba89c9fbd2cb069-xlarge,img/2014banquet/dac0e28b473d99c99ba89c9fbd2cb069-xlarge.jpg,2014 Awards Banquet
69fd0412ac4cc91c77c9c42f005032ac-xlarge,img/2014banquet/69fd0412ac4cc91c77c9c42f005032ac-xlarge.jpg,2014 Awards Banquet
188c2d9b25bcff537cf3230bc6d5d3d0-xlarge,img/2014banquet/188c2d9b25bcff537cf3230bc6d5d3d0-xlarge.jpg,2014 Awards Banquet
9285d534d6903609b0ee23feb47006ee-xlarge,img/2014banquet/9285d534d6903609b0ee23feb47006ee-xlarge.jpg,2014 Awards Banquet
c15ffa4f4885d3bad9d319647fb096a3-xlarge,img/2014banquet/c15ffa4f4885d3bad9d319647fb096a3-xlarge.jpg,2014 Awards Banquet
40e99a69504b41feb0e6ab6a4988bdbf-xlarge,img/2014banquet/40e99a69504b41feb0e6ab6a4988bdbf-xlarge.jpg,2014 Awards Banquet
196eddd0347b48bd7f05c250fabe26f1-xlarge,img/2014banquet/196eddd0347b48bd7f05c250fabe26f1-xlarge.jpg,2014 Awards Banquet
230bd735dc6486283ad360c62c528c21-xlarge,img/2014banquet/230bd735dc6486283ad360c62c528c21-xlarge.jpg,2014 Awards Banquet
6d340a314f88aa87ae37d30be12c9d4d-xlarge,img/2014banquet/6d340a314f88aa87ae37d30be12c9d4d-xlarge.jpg,2014 Awards Banquet
6f8b40919d51e03a7f477d1ca53fb5fb-xlarge,img/2014banquet/6f8b40919d51e03a7f477d1ca53fb5fb-xlarge.jpg,2014 Awards Banquet
5126fbfb9d43583e035c41ea3095ff01-xlarge,img/2014banquet/5126fbfb9d43583e035c41ea3095ff01-xlarge.jpg,2014 Awards Banquet
a0d03e99c814ba0a00369e8f83d7cca2-xlarge,img/2014banquet/a0d03e99c814ba0a00369e8f83d7cca2-xlarge.jpg,2014 Awards Banquet
3b650940791509eaf3b8cea1e4006494-xlarge,img/2014banquet/3b650940791509eaf3b8cea1e4006494-xlarge.jpg,2014 Awards Banquet
4cf6b1d4fe30d32516319b5b5ce0ee63-xlarge,img/2014banquet/4cf6b1d4fe30d32516319b5b5ce0ee63-xlarge.jpg,2014 Awards Banquet
c7af4d32e19fe32c4c2d6d8aa4a69191-xlarge,img/2014banquet/c7af4d32e19fe32c4c2d6d8aa4a69191-xlarge.jpg,2014 Awards Banquet
0d272ba6a83dd6853d346157f3104460-xlarge,img/2014banquet/0d272ba6a83dd6853d346157f3104460-xlarge.jpg,2014 Awards Banquet
7a01e4773dfdd2e14eb3b3a8b8a15986-xlarge,img/2014banquet/7a01e4773dfdd2e14eb3b3a8b8a15986-xlarge.jpg,2014 Awards Banquet
181ac5b97286207a8a2da1639329cf6b-xlarge,img/2014banquet/181ac5b97286207a8a2da1639329cf6b-xlarge.jpg,2014 Awards Banquet
65f87ae4492760f69a139fa9f02d220b-xlarge,img/2014banquet/65f87ae4492760f69a139fa9f02d220b-xlarge.jpg,2014 Awards Banquet
8df7c5ae00f6ab946cccba0a68f53831-xlarge,img/2014banquet/8df7c5ae00f6ab946cccba0a68f53831-xlarge.jpg,2014 Awards Banquet
1a95217f6aa6ac9f7418c97704ad767f-xlarge,img/2014banquet/1a95217f6aa6ac9f7418c97704ad767f-xlarge.jpg,2014 Awards Banquet
f31d043e7085363ea92fd679c7b206bc-xlarge,img/2014banquet/f31d043e7085363ea92fd679c7b206bc-xlarge.jpg,2014 Awards Banquet
744b2870c8fc7e7764d109972bf40d6f-xlarge,img/2014banquet/744b2870c8fc7e7764d109972bf40d6f-xlarge.jpg,2014 Awards Banquet
f7a0b2626aa13061752e6e9a4c699e53-xlarge,img/2014banquet/f7a0b2626aa13061752e6e9a4c699e53-xlarge.jpg,2014 Awards Banquet
9318399c7a188ab0f22b27bd8e8008f0-xlarge,img/2014banquet/9318399c7a188ab0f22b27bd8e8008f0-xlarge.jpg,2014 Awards Banquet
9ee447d914cbed7baf1900830bdffbbe-xlarge,img/2014banquet/9ee447d914cbed7baf1900830bdffbbe-xlarge.jpg,2014 Awards Banquet
a368a6a1da123ed8eb0002007ab7b7de-xlarge,img/2014banquet/a368a6a1da123ed8eb0002007ab7b7de-xlarge.jpg,2014 Awards Banquet
589b69be8faf3667cf76f4534219d9e0-xlarge,img/2014banquet/589b69be8faf3667cf76f4534219d9e0-xlarge.jpg,2014 Awards Banquet
46aa4854038a3839540bdbfd3eb48efa-xlarge,img/2014banquet/46aa4854038a3839540bdbfd3eb48efa-xlarge.jpg,2014 Awards Banquet
e0b84c068baaa67d92002bfc6194bf89-xlarge,img/2014banquet/e0b84c068baaa67d92002bfc6194bf89-xlarge.jpg,2014 Awards Banquet
8b1e045d220a826ea4a744ede28896e8-xlarge,img/2014banquet/8b1e045d220a826ea4a744ede28896e8-xlarge.jpg,2014 Awards Banquet
253364ecc8878c10df3153b8bf1175f4-xlarge,img/2014banquet/253364ecc8878c10df3153b8bf1175f4-xlarge.jpg,2014 Awards Banquet
53cd4eb589ed4cc94873ba9eea0730a6-xlarge,img/2014banquet/53cd4eb589ed4cc94873ba9eea0730a6-xlarge.jpg,2014 Awards Banquet
1e2de125b277dfcac3e951876183942a-xlarge,img/2014banquet/1e2de125b277dfcac3e951876183942a-xlarge.jpg,2014 Awards Banquet
7efa5a1c39a181ae60e7fbd9c8471836-xlarge,img/2014banquet/7efa5a1c39a181ae60e7fbd9c8471836-xlarge.jpg,2014 Awards Banquet
67a034f0d0a8ddbcf6828bd18012a86e-xlarge,img/2014banquet/67a034f0d0a8ddbcf6828bd18012a86e-xlarge.jpg,2014 Awards Banquet
ad7477e5500a57a02b1ac048646486fe-xlarge,img/2014banquet/ad7477e5500a57a02b1ac048646486fe-xlarge.jpg,2014 Awards Banquet
0475010c93e7c65affcbf1b5f26a2476-xlarge,img/2014banquet/0475010c93e7c65affcbf1b5f26a2476-xlarge.jpg,2014 Awards Banquet
4c20bb8920036d86ae6f8b1ef9c5993e-xlarge,img/2014banquet/4c20bb8920036d86ae6f8b1ef9c5993e-xlarge.jpg,2014 Awards Banquet
9c236a4e94c51db051464d7b842f56ac-xlarge,img/2014banquet/9c236a4e94c51db051464d7b842f56ac-xlarge.jpg,2014 Awards Banquet
571dd7a5318120597b3a72241cacc960-xlarge,img/2014banquet/571dd7a5318120597b3a72241cacc960-xlarge.jpg,2014 Awards Banquet
943bbf4cefd9c369b4d146d721c0f5ea-xlarge,img/2014banquet/943bbf4cefd9c369b4d146d721c0f5ea-xlarge.jpg,2014 Awards Banquet
dc5acef3e0f0514e7cdf724396d1523f-xlarge,img/2014banquet/dc5acef3e0f0514e7cdf724396d1523f-xlarge.jpg,2014 Awards Banquet
0e075457b3b624cbe0b9d5988a4e06a1-xlarge,img/2014banquet/0e075457b3b624cbe0b9d5988a4e06a1-xlarge.jpg,2014 Awards Banquet
991269838522d4462c9dd3f99ec996b0-xlarge,img/2014banquet/991269838522d4462c9dd3f99ec996b0-xlarge.jpg,2014 Awards Banquet
ae6ae692f59b0253a1248ae752d2d580-xlarge,img/2014banquet/ae6ae692f59b0253a1248ae752d2d580-xlarge.jpg,2014 Awards Banquet
9cc5f05a9e01f128eb4d6953ab6e4814-xlarge,img/2014banquet/9cc5f05a9e01f128eb4d6953ab6e4814-xlarge.jpg,2014 Awards Banquet
c37eb05839035945abefe6a3bfb3b1fb-xlarge,img/2014banquet/c37eb05839035945abefe6a3bfb3b1fb-xlarge.jpg,2014 Awards Banquet
3147d1c24bba5bcd95ccb5a55cdbb1e5-xlarge,img/2014banquet/3147d1c24bba5bcd95ccb5a55cdbb1e5-xlarge.jpg,2014 Awards Banquet
539bb78a5e02cec9aee6b8f3edfd7f25-xlarge,img/2014banquet/539bb78a5e02cec9aee6b8f3edfd7f25-xlarge.jpg,2014 Awards Banquet
8da3260768c4a73724fab33e59fc2de2-xlarge,img/2014banquet/8da3260768c4a73724fab33e59fc2de2-xlarge.jpg,2014 Awards Banquet
0769f64440255c7832e6de339ac403a5-xlarge,img/2014banquet/0769f64440255c7832e6de339ac403a5-xlarge.jpg,2014 Awards Banquet
97497d9d6267fdec2cfe1efd9a863c3f-xlarge,img/2014banquet/97497d9d6267fdec2cfe1efd9a863c3f-xlarge.jpg,2014 Awards Banquet
a54a6f482d63308bcb7e921b141801f0-xlarge,img/2014banquet/a54a6f482d63308bcb7e921b141801f0-xlarge.jpg,2014 Awards Banquet
7481cb4069a801350c67bbc80a9bc41c-xlarge,img/2014banquet/7481cb4069a801350c67bbc80a9bc41c-xlarge.jpg,2014 Awards Banquet
8ec9ea1f8c5c995a60462ed120ec59fc-xlarge,img/2014banquet/8ec9ea1f8c5c995a60462ed120ec59fc-xlarge.jpg,2014 Awards Banquet
