img_name,img_path,img_caption
18TH Annual Living Legends Awards 6,_LIVING_LEGENDS_AWARDS_PHOTO-2.jpg,18TH Annual Living Legends Awards
18TH Annual Living Legends Awards 6,_LIVING_LEGENDS_AWARDS_PHOTO-3.jpg,18TH Annual Living Legends Awards
18TH Annual Living Legends Awards 6,_LIVING_LEGENDS_AWARDS_PHOTO-4.jpg,18TH Annual Living Legends Awards
18TH Annual Living Legends Awards 6,_LIVING_LEGENDS_AWARDS_PHOTO-5.jpg,18TH Annual Living Legends Awards
18TH Annual Living Legends Awards 6,_LIVING_LEGENDS_AWARDS_PHOTO-6.jpg,18TH Annual Living Legends Awards
18TH Annual Living Legends Awards 6,_LIVING_LEGENDS_AWARDS_PHOTO-7.jpg,18TH Annual Living Legends Awards
18TH Annual Living Legends Awards 6,_LIVING_LEGENDS_AWARDS_PHOTO-8.jpg,18TH Annual Living Legends Awards
18TH Annual Living Legends Awards 6,_LIVING_LEGENDS_AWARDS_PHOTO-9.jpg,18TH Annual Living Legends Awards
18TH Annual Living Legends Awards 6,_LIVING_LEGENDS_AWARDS_PHOTO-10.jpg,18TH Annual Living Legends Awards
18TH Annual Living Legends Awards 6,_LIVING_LEGENDS_AWARDS_PHOTO-11.jpg,18TH Annual Living Legends Awards
18TH Annual Living Legends Awards 6,_LIVING_LEGENDS_AWARDS_PHOTO-14.jpg,18TH Annual Living Legends Awards
18TH Annual Living Legends Awards 6,_LIVING_LEGENDS_AWARDS_PHOTO-15.jpg,18TH Annual Living Legends Awards
18TH Annual Living Legends Awards 6,_LIVING_LEGENDS_AWARDS_PHOTO-16.jpg,18TH Annual Living Legends Awards
18TH Annual Living Legends Awards 6,_LIVING_LEGENDS_AWARDS_PHOTO-17.jpg,18TH Annual Living Legends Awards
18TH Annual Living Legends Awards 6,_LIVING_LEGENDS_AWARDS_PHOTO-18.jpg,18TH Annual Living Legends Awards
18TH Annual Living Legends Awards 6,_LIVING_LEGENDS_AWARDS_PHOTO-19.jpg,18TH Annual Living Legends Awards
18TH Annual Living Legends Awards 6,_LIVING_LEGENDS_AWARDS_PHOTO-20.jpg,18TH Annual Living Legends Awards
18TH Annual Living Legends Awards 6,_LIVING_LEGENDS_AWARDS_PHOTO-21.jpg,18TH Annual Living Legends Awards
18TH Annual Living Legends Awards 6,_LIVING_LEGENDS_AWARDS_PHOTO-22.jpg,18TH Annual Living Legends Awards
18TH Annual Living Legends Awards 6,_LIVING_LEGENDS_AWARDS_PHOTO-23.jpg,18TH Annual Living Legends Awards
18TH Annual Living Legends Awards 6,_LIVING_LEGENDS_AWARDS_PHOTO-24.jpg,18TH Annual Living Legends Awards
18TH Annual Living Legends Awards 6,_LIVING_LEGENDS_AWARDS_PHOTO-25.jpg,18TH Annual Living Legends Awards
18TH Annual Living Legends Awards 6,_LIVING_LEGENDS_AWARDS_PHOTO-26.jpg,18TH Annual Living Legends Awards
18TH Annual Living Legends Awards 6,_LIVING_LEGENDS_AWARDS_PHOTO-27.jpg,18TH Annual Living Legends Awards
18TH Annual Living Legends Awards 6,_LIVING_LEGENDS_AWARDS_PHOTO-28.jpg,18TH Annual Living Legends Awards
18TH Annual Living Legends Awards 6,_LIVING_LEGENDS_AWARDS_PHOTO-29.jpg,18TH Annual Living Legends Awards
18TH Annual Living Legends Awards 6,_LIVING_LEGENDS_AWARDS_PHOTO-30.jpg,18TH Annual Living Legends Awards
18TH Annual Living Legends Awards 6,_LIVING_LEGENDS_AWARDS_PHOTO-31.jpg,18TH Annual Living Legends Awards
18TH Annual Living Legends Awards 6,_LIVING_LEGENDS_AWARDS_PHOTO-32.jpg,18TH Annual Living Legends Awards
18TH Annual Living Legends Awards 6,_LIVING_LEGENDS_AWARDS_PHOTO-33.jpg,18TH Annual Living Legends Awards
18TH Annual Living Legends Awards 6,_LIVING_LEGENDS_AWARDS_PHOTO-34.jpg,18TH Annual Living Legends Awards
18TH Annual Living Legends Awards 6,_LIVING_LEGENDS_AWARDS_PHOTO-35.jpg,18TH Annual Living Legends Awards
18TH Annual Living Legends Awards 6,_LIVING_LEGENDS_AWARDS_PHOTO-37.jpg,18TH Annual Living Legends Awards
18TH Annual Living Legends Awards 6,_LIVING_LEGENDS_AWARDS_PHOTO-38.jpg,18TH Annual Living Legends Awards
18TH Annual Living Legends Awards 6,_LIVING_LEGENDS_AWARDS_PHOTO-39.jpg,18TH Annual Living Legends Awards
18TH Annual Living Legends Awards 6,_LIVING_LEGENDS_AWARDS_PHOTO-40.jpg,18TH Annual Living Legends Awards
