img_name,img_path,img_caption
2015_BANQUET_LIVING_LEGENDS_AWARDS_PHOTO-1.jpg,_LIVING_LEGENDS_AWARDS_PHOTO-1.jpg,caption
2015_BANQUET_LIVING_LEGENDS_AWARDS_PHOTO-1.jpg,_LIVING_LEGENDS_AWARDS_PHOTO-2.jpg,caption
2015_BANQUET_LIVING_LEGENDS_AWARDS_PHOTO-1.jpg,_LIVING_LEGENDS_AWARDS_PHOTO-3.jpg,caption
2015_BANQUET_LIVING_LEGENDS_AWARDS_PHOTO-1.jpg,_LIVING_LEGENDS_AWARDS_PHOTO-4.jpg,caption
2015_BANQUET_LIVING_LEGENDS_AWARDS_PHOTO-1.jpg,_LIVING_LEGENDS_AWARDS_PHOTO-5.jpg,caption
2015_BANQUET_LIVING_LEGENDS_AWARDS_PHOTO-1.jpg,_LIVING_LEGENDS_AWARDS_PHOTO-6.jpg,caption
2015_BANQUET_LIVING_LEGENDS_AWARDS_PHOTO-1.jpg,_LIVING_LEGENDS_AWARDS_PHOTO-7.jpg,caption
2015_BANQUET_LIVING_LEGENDS_AWARDS_PHOTO-1.jpg,_LIVING_LEGENDS_AWARDS_PHOTO-8.jpg,caption
2015_BANQUET_LIVING_LEGENDS_AWARDS_PHOTO-1.jpg,_LIVING_LEGENDS_AWARDS_PHOTO-9.jpg,caption
2015_BANQUET_LIVING_LEGENDS_AWARDS_PHOTO-1.jpg,_LIVING_LEGENDS_AWARDS_PHOTO-10.jpg,caption
2015_BANQUET_LIVING_LEGENDS_AWARDS_PHOTO-1.jpg,_LIVING_LEGENDS_AWARDS_PHOTO-11.jpg,caption
2015_BANQUET_LIVING_LEGENDS_AWARDS_PHOTO-1.jpg,_LIVING_LEGENDS_AWARDS_PHOTO-12.jpg,caption
2015_BANQUET_LIVING_LEGENDS_AWARDS_PHOTO-1.jpg,_LIVING_LEGENDS_AWARDS_PHOTO-13.jpg,caption
2015_BANQUET_LIVING_LEGENDS_AWARDS_PHOTO-1.jpg,_LIVING_LEGENDS_AWARDS_PHOTO-14.jpg,caption
2015_BANQUET_LIVING_LEGENDS_AWARDS_PHOTO-1.jpg,_LIVING_LEGENDS_AWARDS_PHOTO-15.jpg,caption
2015_BANQUET_LIVING_LEGENDS_AWARDS_PHOTO-1.jpg,_LIVING_LEGENDS_AWARDS_PHOTO-16.jpg,caption
2015_BANQUET_LIVING_LEGENDS_AWARDS_PHOTO-1.jpg,_LIVING_LEGENDS_AWARDS_PHOTO-17.jpg,caption
2015_BANQUET_LIVING_LEGENDS_AWARDS_PHOTO-1.jpg,_LIVING_LEGENDS_AWARDS_PHOTO-18.jpg,caption
2015_BANQUET_LIVING_LEGENDS_AWARDS_PHOTO-1.jpg,_LIVING_LEGENDS_AWARDS_PHOTO-19.jpg,caption
2015_BANQUET_LIVING_LEGENDS_AWARDS_PHOTO-1.jpg,_LIVING_LEGENDS_AWARDS_PHOTO-20.jpg,caption
2015_BANQUET_LIVING_LEGENDS_AWARDS_PHOTO-1.jpg,_LIVING_LEGENDS_AWARDS_PHOTO-21.jpg,caption
2015_BANQUET_LIVING_LEGENDS_AWARDS_PHOTO-1.jpg,_LIVING_LEGENDS_AWARDS_PHOTO-22.jpg,caption
2015_BANQUET_LIVING_LEGENDS_AWARDS_PHOTO-1.jpg,_LIVING_LEGENDS_AWARDS_PHOTO-23.jpg,caption
2015_BANQUET_LIVING_LEGENDS_AWARDS_PHOTO-1.jpg,_LIVING_LEGENDS_AWARDS_PHOTO-24.jpg,caption
2015_BANQUET_LIVING_LEGENDS_AWARDS_PHOTO-1.jpg,_LIVING_LEGENDS_AWARDS_PHOTO-25.jpg,caption
2015_BANQUET_LIVING_LEGENDS_AWARDS_PHOTO-1.jpg,_LIVING_LEGENDS_AWARDS_PHOTO-26.jpg,caption
2015_BANQUET_LIVING_LEGENDS_AWARDS_PHOTO-1.jpg,_LIVING_LEGENDS_AWARDS_PHOTO-27.jpg,caption
2015_BANQUET_LIVING_LEGENDS_AWARDS_PHOTO-1.jpg,_LIVING_LEGENDS_AWARDS_PHOTO-28.jpg,caption
2015_BANQUET_LIVING_LEGENDS_AWARDS_PHOTO-1.jpg,_LIVING_LEGENDS_AWARDS_PHOTO-29.jpg,caption
2015_BANQUET_LIVING_LEGENDS_AWARDS_PHOTO-1.jpg,_LIVING_LEGENDS_AWARDS_PHOTO-30.jpg,caption
2015_BANQUET_LIVING_LEGENDS_AWARDS_PHOTO-1.jpg,_LIVING_LEGENDS_AWARDS_PHOTO-31.jpg,caption
2015_BANQUET_LIVING_LEGENDS_AWARDS_PHOTO-1.jpg,_LIVING_LEGENDS_AWARDS_PHOTO-32.jpg,caption
2015_BANQUET_LIVING_LEGENDS_AWARDS_PHOTO-1.jpg,_LIVING_LEGENDS_AWARDS_PHOTO-33.jpg,caption
2015_BANQUET_LIVING_LEGENDS_AWARDS_PHOTO-1.jpg,_LIVING_LEGENDS_AWARDS_PHOTO-34.jpg,caption
2015_BANQUET_LIVING_LEGENDS_AWARDS_PHOTO-1.jpg,_LIVING_LEGENDS_AWARDS_PHOTO-35.jpg,caption
2015_BANQUET_LIVING_LEGENDS_AWARDS_PHOTO-1.jpg,_LIVING_LEGENDS_AWARDS_PHOTO-36.jpg,caption
2015_BANQUET_LIVING_LEGENDS_AWARDS_PHOTO-1.jpg,_LIVING_LEGENDS_AWARDS_PHOTO-37.jpg,caption
2015_BANQUET_LIVING_LEGENDS_AWARDS_PHOTO-1.jpg,_LIVING_LEGENDS_AWARDS_PHOTO-38.jpg,caption
2015_BANQUET_LIVING_LEGENDS_AWARDS_PHOTO-1.jpg,_LIVING_LEGENDS_AWARDS_PHOTO-39.jpg,caption
2015_BANQUET_LIVING_LEGENDS_AWARDS_PHOTO-1.jpg,_LIVING_LEGENDS_AWARDS_PHOTO-40.jpg,caption
2015_BANQUET_LIVING_LEGENDS_AWARDS_PHOTO-1.jpg,_LIVING_LEGENDS_AWARDS_PHOTO-41.jpg,caption
2015_BANQUET_LIVING_LEGENDS_AWARDS_PHOTO-1.jpg,_LIVING_LEGENDS_AWARDS_PHOTO-42.jpg,caption
2015_BANQUET_LIVING_LEGENDS_AWARDS_PHOTO-1.jpg,_LIVING_LEGENDS_AWARDS_PHOTO-43.jpg,caption
2015_BANQUET_LIVING_LEGENDS_AWARDS_PHOTO-1.jpg,_LIVING_LEGENDS_AWARDS_PHOTO-44.jpg,caption
2015_BANQUET_LIVING_LEGENDS_AWARDS_PHOTO-1.jpg,_LIVING_LEGENDS_AWARDS_PHOTO-45.jpg,caption
2015_BANQUET_LIVING_LEGENDS_AWARDS_PHOTO-1.jpg,_LIVING_LEGENDS_AWARDS_PHOTO-46.jpg,caption
2015_BANQUET_LIVING_LEGENDS_AWARDS_PHOTO-1.jpg,_LIVING_LEGENDS_AWARDS_PHOTO-47.jpg,caption
2015_BANQUET_LIVING_LEGENDS_AWARDS_PHOTO-1.jpg,_LIVING_LEGENDS_AWARDS_PHOTO-48.jpg,caption
